{"data":{"0":{"_id":"OzE5vaa3p7","categories":[{"__type":"Pointer","className":"Category","objectId":"nebCwWd2Fr"}],"isActive":true,"imageUrl":"https:\/\/firebasestorage.googleapis.com\/v0\/b\/shopgro-1376.appspot.com\/o\/Barcode%20Data%20Upload%28II%29%2FAnil_puttu_flour_500g.png?alt=media&token=9cf63197-0925-4360-a31a-4675f4f46ae2","barcode":"8908001921015","isFmcg":true,"itemName":"Anil puttu flour 500g","mrp":58,"_created_at":"2016-10-02T13:49:03.281Z","_updated_at":"2017-02-22T08:48:09.548Z"}}}